{"cameraMode":{"drawMode":0,"name":"Shaded","section":"Shading Mode"},"sceneLighting":false,"audioPlay":false,"sceneViewState":{"showFog":false,"showMaterialUpdate":false,"showSkybox":false,"showFlares":false,"showImageEffects":false,"showParticleSystems":false},"in2DMode":false,"pivot":{"x":0.15253248810768128,"y":-0.5136251449584961,"z":-0.29773300886154177},"rotation":{"x":0.03660718351602554,"y":0.6719874739646912,"z":-0.03328869864344597,"w":0.7389116883277893},"size":1536.03955078125,"orthographic":false}